"","ID","birth"
"1","lilo",NA
"2","winn",NA
"3","glit",NA
"4","plai",NA
"5","quit",NA
"6","kins",NA
"7","dott",NA
"8","juli",NA
"9","zia",NA
"10","izzy",NA
"11","feli",NA
"12","ajax",NA
"13","spli",NA
"14","bubb",NA
"15","koby",NA
"16","nina",NA
"17","jers",NA
"18","tear",NA
"19","laza",NA
"20","ruby",NA
"21","meg",NA
"22","orio",NA
"23","uma",NA
"24","cleo",NA
"25","quin",NA
"26","heid",NA
"27","fran",NA
"28","vinn",NA
"29","roxy",NA
"30","ocea",NA
"31","jimm",NA
"32","sash",NA
"33","tess",NA
"34","capo",NA
"35","lola",NA
"36","dodg",NA
"37","dyla",NA
"38","mist",NA
"39","ging",NA
"40","dais",NA
"41","holl",NA
"42","dann",NA
"43","harrison",NA
"44","amel",NA
"45","ozzy",NA
"46","jagg",NA
"47","tom",NA
"48","fay",NA
"49","vale",NA
"50","al",NA
"51","scar",NA
"52","yesl",NA
"53","xala",NA
"54","ella",NA
"55","bowi",NA
"56","gool",NA
"57","paul",NA
"58","jole",NA
"59","penn",NA
"60","kali",NA
"61","blizz",NA
"62","samu",NA
"63","egor",NA
"64","bigm",NA
"65","trav",NA
"66","grim",NA
"67","stee",NA
"68","king",NA
"69","taco",NA
"70","timb",NA
"71","wymp",NA
"72","arby",NA
"73","twiz",NA
"74","wend",NA
"75","oliv",NA
"76","rees",NA
"77","auro",NA
"78","whop",NA
"79","beli",NA
"80","drac",NA
"81","dq",NA
"82","wokb",NA
"83","vlad",NA
"84","pris",NA
"85","zool",NA
"86","shum",NA
"87","leit",NA
"88","egm",NA
"89","maxi",NA
"90","cycl",NA
"91","worm",NA
"92","mori",2008-11-24
"93","dant",NA
"94","arwe",NA
"95","larr",NA
"96","rasp",NA
"97","bone",2009-10-21
"98","laur",NA
"99","vade",NA
"100","ridd",NA
"101","kujo",NA
"102","mick",NA
"103","obi",NA
"104","mclo",NA
"105","xena",NA
"106","ted",NA
"107","uthe",NA
"108","lex",NA
"109","phoe",NA
"110","stev",NA
"111","dext",NA
"112","tyle",NA
"113","char",NA
"114","keit",NA
"115","mand",NA
"116","xavi",NA
"117","carm",NA
"118","chew",NA
"119","evan",NA
"120","tren",NA
"121","lucy",2010-10-17
"122","alla",NA
"123","houd",2010-12-27
"124","geor",2010-11-23
"125","finn",2010-10-07
"126","tori",NA
"127","laya",NA
"128","ralp",NA
"129","razo",NA
"130","panc",NA
"131","crut",NA
"132","ruth",NA
"133","herm",NA
"134","trac",NA
"135","goog",NA
"136","puzz",NA
"137","glad",NA
"138","tyso",NA
"139","daff",NA
"140","rain",NA
"141","brie",NA
"142","gir",NA
"143","jora",NA
"144","andr",NA
"145","dunc",NA
"146","arie",NA
"147","nige",NA
"148","tyva",NA
"149","flo",NA
"150","chun",NA
"151","lisa",NA
"152","valk",NA
"153","ubun",NA
"154","bern",NA
"155","link",NA
"156","loga",NA
"157","fang",NA
"158","max",NA
"159","wall",NA
"160","hugo",NA
"161","af",NA
"162","raqa",2008-10-05
"163","am",NA
"164","juve",NA
"165","rica",NA
"166","malc",NA
"167","flyn",NA
"168","lego",NA
"169","ring",NA
"170","rock",2012-12-13
"171","macy",2012-01-13
"172","tige",2009-11-19
"173","jasm",NA
"174","thun",NA
"175","kels",NA
"176","pene",NA
"177","dori",NA
"178","patr",NA
"179","gimp",2009-10-21
"180","schm",NA
"181","coco",2010-11-03
"182","talu",NA
"183","gunt",NA
"184","albi",NA
"185","turt",NA
"186","igor",NA
"187","need",NA
"188","bone ",2009-10-21
"189","zanz",NA
"190","larr ",NA
"191","lego ",NA
"192","naom",NA
"193","valk ",NA
"194","katn",2013-11-04
"195","mori ",2008-11-24
"196","raje",NA
"197","gord",2013-11-04
"198","egm2",NA
"199","amy",2013-10-31
"200","gizm",2013-10-18
"201","eve",2013-10-23
"202","cola",2014-11-09
"203","pean",2014-10-16
"204","disn",2013-11-07
"205","saff",2013-10-14
"206","cube",2014-10-20
"207","peet",2013-12-30
"208","wolo",2014-10-13
"209","oreo",2013-10-17
"210","deso",2014-11-03
"211","yoda",NA
"212","egm1",NA
"213","clou",NA
"214","magn",NA
"215","egm5",NA
"216","hect",2013-10-18
"217","nife",2014-11-09
"218","daen",2014-10-22
"219","dart",2013-11-25
"220","egon",NA
"221","rodr",NA
"222","egm7",NA
"223","tita",2014-11-02
"224","nobo",2014-11-09
"225","lia",2013-10-28
"226","pumb",2013-10-22
"227","stru",2014-10-20
"228","fent",2013-10-14
"229","cact",2014-11-07
"230","cind",2013-10-22
"231","shel",2013-10-22
"232","timm",2013-10-29
"233","band",2013-12-05
"234","luxe",2016-01-01
"235","fina",2013-11-15
"236","howz",2014-11-11
"237","bilb",2014-11-16
"238","damo",2014-12-18
"239","puck",2013-10-14
"240","swee",2014-11-02
"241","polk",2014-11-02
"242","spoc",2013-10-31
"243","funk",2014-11-15
"244","socr",2014-10-27
"245","lore",2014-10-27
"246","piec",2015-11-05
"247","dire",2015-12-12
"248","gats",2014-12-12
"249","tucs",2014-11-21
"250","home",2015-10-22
"251","tarz",2013-10-28
"252","wood",2015-10-26
"253","pino",2015-10-25
"254","sarg",2015-10-27
"255","kumq",2016-02-10
"256","leon",2013-12-02
"257","pupi",2014-11-20
"258","grub",2014-10-28
"259","trip",2014-11-04
"260","dice",2015-11-14
"261","ligh",2014-11-06
"262","arag",2015-11-23
"263","prof",2013-11-25
"264","emil",2015-11-09
"265","torn",2015-11-10
"266","loki",2013-10-25
"267","podg",2014-12-01
"268","glue",2013-10-14
"269","vect",2013-10-25
"270","elto",2014-11-03
"271","caba",2015-11-13
"272","kiss",2014-10-23
"273","octo",2015-11-14
"274","omni",2014-11-03
"275","guge",2015-12-02
"276","swaz",2016-10-21
"277","cura",2016-10-26
"278","port",2017-01-05
"279","balu",NA
"280","puzz ",NA
"281","fent ",2013-10-14
"282","jeez",NA
"283","nyok",NA
"284","laur ",NA
"285","sarg ",2015-10-27
"286","pond",2017-11-03
"287","loui",NA
"288","inie",NA
"289","fafd",NA
"290","fiji",NA
"291","earn",NA
"292","benn",NA
"293","vasc",NA
"294","mich",NA
"295","eden",NA
"296","miss",2017-11-03
"297","bold",2017-12-05
"298","terr",2018-02-10
"299","prym",2017-12-04
"300","hump",2017-11-06
"301","tant",2017-11-15
"302","sava",2017-11-20
"303","lett",2017-11-24
"304","crea",2017-10-31
"305","alic",NA
"306","rick",NA
"307","eddi",NA
"308","opal",NA
"309","marl",NA
"310","nata",NA
"311","viva",NA
"312","lanc",NA
"313","iggy",NA
"314","watt",NA
"315","roxyinf09",2009-10-15
"316","ginginf09",2009-10-25
"317","izzyinf09",2009-11-02
"318","baboon",NA
"319","penninf09",2009-11-13
"320","tearinf09",2009-11-01
"321","ninainf09",2009-11-07
"322","mous",NA
"323","scarinf10",2010-10-11
"324","oceainf10",2010-10-25
"325","winninf10",2010-10-26
"326","prisinf10",2010-12-14
"327","xalainf10",2010-11-21
"328","izzyinf10",2010-12-21
"329","glitinf10",2010-12-19
"330","daisinf10",2010-11-04
"331","tearinf10",2010-11-28
"332","ellainf10",2010-12-27
"333","xyl",2008-11-25
"334","luk",2011-12-19
"335","han",2012-02-14
"336","jon",2012-01-10
"337","indi",2012-01-24
"338","happ",NA
"339","dott.juve",NA
"340","zim",NA
"341","tian",2009-10-14
"342","rbm",NA
"343","angi",NA
"344","pepp",NA
"345","juve.tyva",NA
"346","rst",NA
"347","driz",2012-11-13
"348","cycl.mori",NA
"349","came",2012-01-07
"350","human",NA
"351","pt",NA
"352","sam",NA
"353","inf13",NA
"354","pene.valk",NA
"355","puzz.herm",NA
"356","rock.macy",NA
"357","flo.lucy",NA
"358","puzz.turt",NA
"359","naom.trac",NA
"360","coco.fina",NA
"361","coco.inf13",NA
"362","turt.inf14",NA
"363","ubun.inf13",NA
"364","lisa.juve",NA
"365","inf13.inf13.inf13",NA
"366","lisa.need",NA
"367","dori.bone",NA
"368","ocea.bone",NA
"369","ite",NA
"370","trac.turt",NA
"371","pene.laur.kins",NA
"372","inf13.naom",NA
"373","turt.need",NA
"374","lisa.naom",NA
"375","zanz.kins",NA
"376","kels.kins",NA
"377","kels.zanz",NA
"378","zool.bone",NA
"379","tige.thun.dodg",NA
"380","inf13.inf13",NA
"381","jasm.dott",NA
"382","disn.gord.lia",NA
"383","uthe.leit",NA
"384","tren.leit",NA
"385","dott.jasm",NA
"386","loga.jasm",NA
"387","band.thor",NA
"388","loki.timm",NA
"389","inf14",NA
"390","nina.cycl",NA
"391","saff.spoc",NA
"392","year",NA
"393","wokb.dori",NA
"394","malc.unkn",NA
"395","razo.unkn",NA
"396","pris.arwe",NA
"397","macy.peet",NA
"398","gimp.inf14",NA
"399","amy.inf14",NA
"400","amy.peet",NA
"401","rock.leon",NA
"402","thun.laya",NA
"403","macy.rock",NA
"404","lisa.disn",NA
"405","disn.harr",NA
"406","floinf14",NA
"407","malc.jasm",NA
"408","arweinf14",2014-11-03
"409","jasm.tear",NA
"410","eve.year",NA
"411","year.year",NA
"412","prof.loki",NA
"413","ubun.jasm",NA
"414","harr.gord.pumb",NA
"415","year.year.year.year",NA
"416","gord.disn",NA
"417","oreo.saff.cind",NA
"418","glue.jasm",NA
"419","holl.gizm",NA
"420","pumb.disn",NA
"421","year.year.year",NA
"422","jasm.eve",NA
"423","lisainf14",2014-12-07
"424","inf15",NA
"425","jasminf15",2015-10-22
"426","lucyinf16",2016-10-04
"427","shuminf15",2015-10-31
"428","lucyinf15",2015-10-26
"429","laurinf15",2015-11-15
"430","layainf15",2015-11-14
"431","floinf15",2016-01-01
"432","valkinf16",2016-10-09
"433","needinf16",2016-10-16
"434","laurinf16",2016-10-18
"435","jasminf16",2016-10-19
"436","ubuninf16",2016-10-20
"437","hollinf16",2016-10-21
"438","ellainf16",2016-10-21
"439","saffinf16",2016-10-26
"440","doriinf16",2016-10-31
"441","tearinf16",2016-11-04
"442","inf16",NA
"443","cyclinf16",2016-11-15
"444","dottinf16",2016-12-13
"445","self",NA
"446","inf17",NA
"447","lisainf17",2017-12-04
"448","snic",2017-11-29
"449","oreoinf18",2018-10-19
"450","woloinf18",2018-10-21
"451","lucyinf18",2018-10-19
"452","gizminf18",2018-10-11
"453","amyinf18",2018-10-19
"454","liainf18",2018-10-25
"455","gordinf18",2018-10-25
"456","lisainf18",2018-10-24
"457","hollinf18",2018-10-26
"458","needinf18",2018-10-28
"459","inf18",NA
"460","daffinf18",2018-10-30
"461","ellainf18",2018-10-28
"462","kati",NA
"463","theo",NA
"464","zepp",NA
"465","rona",NA
"466","crai",NA
"467","bobo",NA
"468","dave",NA
"469","seba",2010-11-02
"470","thor",2013-10-22
"471","harr",2013-11-04
"472","hord",2014-10-27
"473","glac",2014-11-15
"474","unfu",2015-11-20
